segments,error
1,0.0361116
2,0.00882966
3,0.00390836
4,0.00219533
5,0.00140409
6,0.000974714
7,0.000715963
8,0.000548082
9,0.000433011
10,0.000350715
11,0.000289833
12,0.000243531
13,0.000207499
14,0.000178911
15,0.000155848
16,0.000136974
17,0.000121332
18,0.000108224
19,9.71305e-05
20,8.76596e-05
