1/h,iterations,potential (V)
50,63,5.52614
100,227,5.34994
200,781,5.28654
250,1153,5.27505
500,3764,5.24523
1000,11692,5.18932
