1/h,iterations,potential (V)
50,20,5.52634
100,62,5.35057
200,209,5.28872
250,308,5.27838
500,1009,5.25778
1000,3215,5.23656
