w,iterations,potential (V)
1,38,5.52627
1.1,31,5.52627
1.2,26,5.5263
1.3,21,5.52631
1.4,20,5.52634
1.5,25,5.52635
1.6,37,5.52634
1.7,54,5.52634
1.8,92,5.52635
1.9,903,5.52632
